Page,Visitors,Total
"/",28,147
"/action",13,56
"/blog",13,62
"/about",10,37
"/blog/posts/post-2025-04-19-00",9,16
"/FAQ",8,36
"/blog/posts/post-2025-02-27-00",5,10
"/blog/posts/post-2025-03-31-00",5,9
"/blog/posts/post-2024-09-05-00",4,5
"/blog/posts/post-2025-04-21-00",3,6
"/blog/posts/post-2025-02-14-00",2,3
"/blog/posts/post-2024-09-11-00",1,1
"/blog/posts/post-2024-09-15-00",1,1
"/blog/posts/post-2024-09-18-00",1,1
"/blog/posts/post-2024-10-17-00",1,1
"/blog/posts/post-2025-01-06-00",1,1
"/blog/posts/post-2025-01-16-00",1,2
"/blog/posts/post-2025-01-18-00",1,1
"/blog/posts/post-2025-01-29-00",1,1
"/blogs",1,2
"/donations",1,1